first_name,last_name,age,gender,married,net_worth,birth_date
Jacob,Brown,42,true,false,67177287,1981-09-11
David,Martin,88,true,false,13419743,1935-09-19
Jacob,Garcia,38,true,false,24209567,1985-02-15
Joshua,Jones,44,true,false,45588730,1979-03-10
Michael,Martin,61,true,false,43973399,1961-12-30
Benjamin,Johnson,67,true,false,43166955,1956-05-19
Zoey,Moore,38,false,false,49210942,1985-07-06
Ethan,Williams,38,true,true,15580360,1985-08-20
Jayden,Robinson,31,true,false,77716608,1992-09-04
Madison,Wilson,29,false,true,50769927,1994-04-28
Isabella,Harris,49,false,false,4410737,1974-02-18
Charlotte,Anderson,73,false,false,89412409,1950-03-14
Sofia,Martinez,29,false,false,59701932,1993-11-14
Elizabeth,Garcia,78,false,false,33076234,1945-04-06
Emma,Wilson,61,false,false,57569372,1962-07-23
James,White,25,true,false,86616152,1998-06-21
David,Davis,39,true,false,52436554,1984-04-02
Avery,Martin,71,false,false,59997914,1952-04-24
Addison,Martin,52,false,true,73543948,1971-08-07
Charlotte,Jackson,79,false,true,95221522,1943-11-13
Matthew,Smith,84,true,true,4209456,1939-01-10
Alexander,Wilson,81,true,false,84548852,1941-12-31
Jayden,Harris,61,true,false,92935382,1962-01-07
Noah,Davis,69,true,true,35416029,1954-08-06
Lily,Jackson,87,false,false,81927147,1935-11-13
Alexander,Taylor,40,true,false,18810197,1982-12-14
Abigail,Williams,69,false,false,39034020,1953-11-20
Ethan,Johnson,85,true,false,57543487,1938-04-20
William,Martin,57,true,false,74536197,1965-11-10
Aubrey,Robinson,38,false,true,44624848,1985-03-05
Anthony,Anderson,22,true,false,15810414,2001-06-20
Jacob,Martinez,71,true,true,15293476,1952-04-27
Aubrey,Thompson,38,false,false,51212070,1985-04-13
Joseph,Williams,34,true,false,19655780,1989-01-17
Elijah,Wilson,21,true,false,40091560,2002-05-27
Sofia,Martinez,63,false,true,53151666,1960-10-09
Elijah,Anderson,49,true,false,95894082,1974-02-21
Isabella,Taylor,30,false,true,4066489,1993-03-08
Michael,Thomas,23,true,true,53018297,2000-06-23
Anthony,Taylor,58,true,true,38488505,1964-12-24
Matthew,Brown,55,true,true,25433417,1968-03-04
David,Harris,45,true,true,95662680,1978-03-20
Elizabeth,Martinez,26,false,false,69712488,1997-03-09
Emily,Jackson,74,false,true,57529988,1949-07-30
Zoey,Robinson,78,false,true,22978016,1945-02-28
Abigail,Miller,53,false,false,1526327,1970-02-28
Sofia,Smith,76,false,false,8846187,1947-08-30
Zoey,Moore,70,false,true,26222808,1952-12-01
Andrew,Thompson,58,true,false,67219893,1964-12-14
Benjamin,Wilson,29,true,true,90694314,1993-12-26
Olivia,Robinson,33,false,true,30416355,1990-07-12
Ethan,Martinez,61,true,false,66166871,1962-09-26
Emily,Robinson,71,false,true,2178432,1952-08-11
Anthony,Wilson,66,true,false,80260994,1957-01-10
Abigail,Brown,35,false,false,84549406,1988-06-22
Andrew,Wilson,77,true,false,35040271,1946-08-25
Emily,Robinson,48,false,true,37944528,1974-12-09
Joseph,Jones,80,true,false,9217142,1943-04-14
Zoey,Smith,56,false,false,97664527,1967-07-04
Olivia,Thomas,83,false,true,67393009,1940-06-24
Elijah,Martinez,79,true,false,42999053,1944-08-29
Mason,Martinez,90,true,false,5944908,1933-01-24
Jayden,Thompson,18,true,true,53795812,2004-10-26
Olivia,Thomas,28,false,true,94988178,1995-01-16
Noah,Martinez,33,true,true,4650303,1990-08-04
Aubrey,Harris,44,false,false,29051722,1978-12-08
Liam,Taylor,57,true,false,18029968,1966-03-04
William,Martin,52,true,false,4961600,1971-06-27
Sophia,Taylor,68,false,false,35131745,1955-06-04
Aiden,Jones,24,true,true,25107400,1999-02-13
James,Garcia,27,true,false,15187637,1996-03-28
Benjamin,Wilson,73,true,true,57660960,1949-12-16
Elizabeth,Garcia,65,false,false,52838618,1958-04-06
Madison,Smith,45,false,true,37183884,1978-01-08
Joshua,White,85,true,true,53326630,1938-10-09
Michael,Williams,58,true,false,78289346,1965-08-29
Jayden,Taylor,73,true,true,94740916,1950-04-08
Madison,Thompson,68,false,false,3927328,1955-09-17
Anthony,Robinson,59,true,true,66200699,1964-04-05
Benjamin,Taylor,38,true,false,72434726,1985-05-03
Zoey,Miller,48,false,false,59140076,1974-10-31
William,Moore,47,true,false,58652294,1976-04-21
Natalie,Thompson,36,false,false,14756713,1987-04-18
Chloe,Miller,29,false,false,45893759,1993-10-25
Daniel,Jones,89,true,true,71933688,1934-10-06
Michael,Anderson,35,true,true,53754244,1987-10-30
Joseph,Harris,49,true,true,84961066,1974-01-11
Daniel,Harris,67,true,true,56475711,1955-12-20
Elijah,Brown,50,true,false,68681892,1973-08-21
Joshua,Robinson,55,true,true,7076766,1968-04-03
Avery,Davis,90,false,true,11532869,1933-09-11
Alexander,Martin,53,true,false,70491139,1969-10-17
Mia,Anderson,58,false,false,95906407,1965-02-23
Matthew,White,90,true,true,92731170,1933-04-17
Mason,Martinez,21,true,false,40440497,2002-01-02
Mia,Brown,48,false,false,92058361,1975-03-20
Sophia,Moore,39,false,false,30851496,1984-03-28
Lily,White,32,false,false,29346199,1991-07-07
Anthony,Martin,41,true,false,53380762,1982-04-10
Mia,Anderson,33,false,true,75827184,1990-04-12
Abigail,Martin,73,false,true,20863686,1949-11-04
Sophia,Martin,79,false,true,28799468,1944-04-20
Addison,Martin,70,false,true,40879555,1953-09-29
Lily,Anderson,60,false,true,7681351,1962-11-06
Avery,Smith,61,false,true,32869383,1962-09-13
David,Taylor,57,true,false,85288644,1966-09-07
Alexander,Davis,73,true,true,14689311,1949-11-08
Abigail,Davis,59,false,false,7754020,1963-11-16
Sofia,Thomas,43,false,true,84566515,1980-07-16
Madison,Garcia,57,false,true,51443719,1966-08-27
Liam,Jones,63,true,false,25349062,1960-07-11
Isabella,Brown,33,false,true,4814007,1989-11-21
David,Smith,23,true,true,87194673,2000-01-19
Benjamin,Thomas,25,true,true,17165584,1998-07-11
Sofia,Anderson,27,false,false,59765899,1996-03-10
Liam,Thompson,29,true,false,22926241,1994-05-28
Zoey,Davis,25,false,false,80118542,1998-08-10
Alexander,Robinson,45,true,false,28622102,1977-11-23
Joshua,Robinson,47,true,false,79213364,1976-06-24
Natalie,Davis,57,false,true,58141840,1965-12-01
Sophia,Johnson,22,false,true,50888437,2001-05-29
Elizabeth,White,46,false,true,59283365,1977-07-30
Elizabeth,Williams,71,false,true,37247571,1952-02-21
Aiden,Davis,59,true,false,37264657,1964-10-11
Benjamin,Garcia,44,true,true,37785744,1979-04-15
Daniel,Taylor,34,true,false,12274458,1989-05-10
Aubrey,Smith,21,false,false,90779979,2002-10-02
Alexander,Thomas,55,true,false,89251519,1968-09-10
Sophia,Miller,34,false,false,86075733,1989-07-11
Andrew,Thomas,68,true,false,65131192,1955-08-08
Ava,White,68,false,false,71004734,1955-02-15
Anthony,Taylor,38,true,false,3221076,1985-05-04
Mia,White,20,false,true,1557112,2002-11-15
Lily,Thomas,40,false,true,16148185,1983-08-31
Jacob,Martinez,30,true,false,64101246,1992-12-20
Benjamin,Moore,75,true,false,69144240,1948-07-01
Abigail,Martin,76,false,true,2765865,1947-05-23
Chloe,Davis,86,false,true,26779765,1937-07-07
Andrew,Martin,24,true,false,89772687,1999-04-18
Madison,Harris,59,false,true,85218534,1964-04-05
Ava,Jones,66,false,false,92815657,1956-11-25
Sofia,Harris,25,false,true,81967980,1998-06-21
Benjamin,Moore,49,true,false,79516911,1973-11-26
Aiden,Martin,60,true,false,13277367,1962-12-01
Ava,Miller,75,false,false,70081290,1948-06-08
Aiden,Martin,19,true,true,28011675,2003-12-08
Emma,Williams,70,false,false,40767461,1953-07-31
Lily,White,50,false,true,10613113,1972-12-02
Ava,Jones,56,false,true,27648508,1967-02-27
Anthony,Martin,61,true,false,47107933,1961-11-20
Daniel,Miller,70,true,true,22789919,1953-04-03
Joseph,Davis,73,true,false,50539496,1950-07-03
Ethan,Brown,29,true,false,58265015,1994-09-05
Andrew,Wilson,39,true,true,23584470,1983-12-10
Noah,Robinson,45,true,true,90122726,1978-09-01
Andrew,Anderson,47,true,true,17900704,1976-03-14
Natalie,Miller,70,false,false,93721513,1953-01-31
Chloe,Wilson,65,false,true,60680730,1958-03-13
Elizabeth,Williams,33,false,false,84719456,1990-08-15
Madison,Williams,36,false,true,60035076,1987-05-21
Charlotte,Thomas,66,false,false,41447785,1957-08-11
Aubrey,Miller,43,false,false,22948069,1980-01-18
James,Davis,29,true,false,19705460,1993-11-23
Ethan,Miller,36,true,false,73372250,1987-03-31
David,Jones,27,true,false,91420409,1996-02-01
Olivia,Miller,38,false,true,3321026,1985-07-10
Liam,Taylor,80,true,false,20723441,1943-06-09
Ethan,Harris,43,true,false,73203650,1979-10-22
James,Martin,41,true,true,71748577,1982-01-25
Alexander,White,75,true,false,30295566,1948-03-22
Zoey,Johnson,71,false,true,90849039,1952-06-28
Ava,Moore,31,false,false,19922278,1992-06-17
Chloe,Davis,53,false,false,48571300,1970-03-25
Emily,Smith,79,false,true,51979485,1944-09-06
Aiden,Davis,83,true,false,56005465,1940-05-27
Addison,Martin,56,false,false,8460326,1967-08-24
Ethan,Thompson,71,true,false,22734673,1952-07-29
Natalie,Martin,35,false,false,17058347,1987-10-20
Alexander,Harris,85,true,false,38667142,1938-10-04
William,Jones,71,true,true,89683422,1952-03-27
Aiden,Thompson,24,true,false,90972526,1999-05-11
Ella,Smith,41,false,false,90986506,1982-01-21
Jayden,Moore,29,true,false,41765684,1993-10-11
Emily,Garcia,74,false,false,97279075,1949-10-03
Aubrey,Garcia,71,false,true,39525313,1952-04-20
Anthony,White,30,true,true,41199941,1993-08-08
Ethan,Garcia,58,true,false,38313930,1965-06-06
Madison,Garcia,50,false,true,74661490,1972-10-20
Madison,Jones,30,false,false,56278252,1993-07-28
Lily,Smith,70,false,true,38037291,1952-10-24
Chloe,Jones,22,false,false,69498400,2001-01-21
Alexander,Anderson,31,true,true,44853748,1992-05-14
Daniel,Harris,69,true,false,92126276,1954-02-21
Jayden,Davis,33,true,true,56879597,1990-01-07
Daniel,Wilson,46,true,false,74512859,1977-04-15
Mason,Williams,84,true,false,51935403,1939-07-22
Jayden,Johnson,22,true,true,74651720,2001-08-15
Emma,Wilson,81,false,true,15388837,1942-03-18
Addison,Moore,72,false,true,84738713,1951-04-03
David,Martinez,75,true,false,24712024,1948-02-17
Aubrey,Jackson,68,false,false,27905715,1955-05-31
Madison,Thompson,65,false,true,60097913,1958-01-19
Olivia,Wilson,85,false,false,62350059,1938-07-29
Charlotte,Brown,25,false,false,67925851,1998-04-17
Anthony,Williams,47,true,true,22445948,1976-08-31
David,Williams,74,true,false,13242726,1948-11-01
Andrew,Thompson,22,true,true,29038267,2001-04-02
Michael,Davis,62,true,true,79604058,1961-08-22
Aiden,Martinez,61,true,false,8342045,1962-02-22
James,White,59,true,false,43291775,1963-11-16
Alexander,Thomas,43,true,false,14451927,1980-08-02
Joseph,Miller,32,true,true,77157776,1991-07-24
Addison,Jones,19,false,false,33598831,2004-03-03
Noah,Williams,71,true,true,95746361,1952-06-06
Liam,Anderson,24,true,true,99780721,1998-11-08
Ava,Thomas,38,false,false,77702318,1985-08-20
Anthony,Anderson,69,true,false,74735660,1954-07-10
Alexander,Moore,44,true,true,20845310,1978-12-25
Daniel,White,26,true,false,52821742,1997-07-20
Isabella,White,62,false,true,1089894,1961-03-21
Jayden,White,63,true,false,40229554,1960-05-12
Ella,Robinson,48,false,true,7303913,1975-08-31
Joseph,Jones,76,true,false,91194007,1947-05-20
Liam,Martin,45,true,true,86748855,1977-11-14
Jacob,Thompson,33,true,false,43920639,1989-11-26
David,Thompson,90,true,false,9098769,1933-01-31
Matthew,Garcia,21,true,true,36483428,2002-09-30
Aubrey,Martin,60,false,true,97022678,1962-12-12
Benjamin,Harris,22,true,false,46423569,2001-08-31
James,Thompson,75,true,true,44703833,1948-06-22
Emily,Miller,49,false,true,6901118,1974-09-02
Matthew,White,21,true,false,96037889,2002-09-29
Lily,Moore,83,false,true,13252819,1940-03-12
Chloe,Thompson,39,false,true,48623584,1984-04-08
Aubrey,Martinez,44,false,true,32450331,1979-02-20
Aiden,Miller,27,true,true,88462419,1995-12-31
Liam,Thomas,73,true,false,87042297,1950-01-03
Matthew,Thompson,24,true,false,83891253,1999-03-09
Elizabeth,Miller,33,false,false,26326235,1990-02-12
William,Martin,24,true,true,70789264,1998-11-20
William,Taylor,27,true,true,28178002,1996-05-11
Avery,Davis,21,false,false,72166771,2002-02-09
Elijah,Robinson,76,true,false,75719476,1947-09-21
Addison,Brown,27,false,true,96666680,1996-05-25
Emily,Robinson,25,false,false,10623835,1998-03-14
Noah,Brown,72,true,false,88298058,1951-08-14
Matthew,Taylor,46,true,false,9848326,1977-08-19
Liam,Smith,64,true,true,85371215,1959-03-29
David,Williams,64,true,true,78940811,1958-10-17
David,Johnson,49,true,true,36694979,1974-07-30
David,Thomas,88,true,true,37507609,1935-03-06
Aubrey,Robinson,71,false,false,50726779,1952-07-25
Madison,Williams,19,false,true,36872982,2004-01-08
Mia,Jackson,86,false,true,34764805,1937-03-09
Alexander,Martinez,52,true,true,7178117,1970-11-17
Aubrey,Taylor,53,false,false,61831339,1970-06-30
Chloe,Martin,41,false,true,88499121,1981-11-10
Joseph,Anderson,74,true,true,76064817,1949-05-04
Isabella,Anderson,50,false,false,16893903,1972-12-05
Ella,Harris,35,false,true,41609478,1988-09-13
Ella,Thomas,24,false,true,66247510,1999-07-19
Aubrey,Martin,49,false,false,54694026,1974-04-19
Natalie,Davis,35,false,false,69345039,1988-06-11
Anthony,Thompson,44,true,false,89765718,1978-10-15
Emily,Brown,64,false,true,82441395,1958-12-07
William,Taylor,74,true,true,90357042,1949-03-21
Madison,Jones,43,false,false,8882636,1980-01-14
Daniel,Harris,42,true,true,9502302,1981-07-14
Natalie,Wilson,20,false,true,28722971,2003-02-24
Addison,Anderson,65,false,true,61507372,1958-04-24
Emma,Taylor,53,false,false,93364361,1970-01-07
Matthew,Robinson,23,true,true,72506244,2000-02-04
Joseph,Anderson,28,true,false,75323689,1995-07-03
Madison,Taylor,40,false,false,45738392,1983-08-18
William,Thomas,34,true,false,34320680,1989-01-03
Noah,Jones,45,true,true,43998123,1978-06-26
Aiden,Taylor,26,true,false,52260707,1997-06-02
Jacob,Garcia,83,true,true,94576485,1940-01-10
Ella,Jackson,69,false,true,23323523,1954-02-07
Anthony,Garcia,61,true,false,41308404,1962-08-12
Chloe,White,76,false,true,46235819,1947-02-17
Michael,Martin,20,true,true,72783021,2002-11-30
Andrew,Thompson,85,true,true,5267610,1938-03-10
Sofia,Miller,26,false,true,30057953,1996-11-19
Emily,White,70,false,true,93884077,1953-10-12
Zoey,Williams,56,false,false,88340628,1966-10-15
Elizabeth,Miller,31,false,false,56531082,1992-09-21
Sophia,Martin,57,false,true,20655326,1966-09-14
Isabella,Jackson,32,false,true,40462493,1991-03-29
Jayden,Brown,43,true,false,15354976,1979-12-17
Emily,Garcia,39,false,false,8485213,1984-08-13
Benjamin,Jones,42,true,true,17478553,1981-04-22
Madison,Jones,30,false,true,36514050,1993-06-02
Ava,Harris,83,false,false,23888795,1940-06-11
Benjamin,Moore,61,true,false,86636134,1962-01-10
Elizabeth,Thompson,40,false,true,91467431,1983-01-12
Chloe,Wilson,19,false,false,29054903,2004-02-17
Matthew,Williams,62,true,true,18644885,1961-02-05
Liam,Taylor,42,true,false,32439565,1981-02-05
Isabella,Jackson,38,false,true,45731507,1984-12-22
Jacob,Davis,57,true,false,59031112,1965-12-28
Jayden,Martin,35,true,false,8011508,1988-08-14
Matthew,White,23,true,true,18755333,1999-11-16
Benjamin,Harris,64,true,true,38961319,1959-02-05
Matthew,Jackson,20,true,false,66411253,2003-05-27
Noah,Moore,85,true,true,95249125,1938-04-09
Ella,Wilson,48,false,true,49518660,1975-09-07
Joshua,Thomas,85,true,true,20397596,1938-07-01
Olivia,Davis,37,false,true,81887699,1986-09-04
Zoey,Garcia,52,false,true,87171941,1971-09-22
Madison,Jones,45,false,true,41935521,1978-05-19
Jacob,Smith,19,true,false,36667419,2003-12-30
Mia,Anderson,60,false,false,91762553,1963-05-12
William,Anderson,86,true,true,94114305,1937-04-25
Elizabeth,Martinez,41,false,false,70498353,1981-10-11
Emily,Williams,28,false,true,79266775,1994-12-12
Anthony,Robinson,20,true,false,77695263,2003-08-15
James,Brown,46,true,true,34658180,1977-07-16
Zoey,Thomas,82,false,true,22969683,1941-04-26
Emma,Brown,39,false,true,95904526,1984-08-21
Aubrey,Wilson,28,false,true,86317862,1995-01-08
James,Smith,65,true,true,55724462,1958-01-15
Alexander,Smith,49,true,false,28661619,1974-03-30
Daniel,Smith,21,true,true,69671568,2002-01-10
Chloe,Garcia,76,false,true,11132984,1947-01-26
Noah,White,80,true,true,66558758,1943-04-15
Anthony,Davis,56,true,true,70539716,1967-03-25
Aiden,Brown,69,true,true,72275176,1954-07-29
Lily,Anderson,30,false,false,80707968,1993-07-13
Natalie,White,67,false,true,66128929,1956-04-29
Sophia,Jackson,58,false,false,42389039,1965-07-07
Emma,Garcia,67,false,false,7603293,1955-11-03
David,White,79,true,false,68887413,1943-10-23
Addison,Wilson,64,false,true,12084035,1959-01-21
Elizabeth,Harris,88,false,false,31534640,1935-04-15
Joseph,Davis,74,true,true,21164394,1949-10-06
Mia,Harris,63,false,true,35334696,1960-03-24
Benjamin,Jackson,46,true,true,22120490,1977-03-10
Natalie,White,25,false,false,70655569,1998-04-05
Liam,Thomas,23,true,false,53326837,2000-08-24
Anthony,Taylor,25,true,false,70918922,1997-11-17
Noah,Martinez,85,true,false,22396216,1937-11-22
Aubrey,Jones,43,false,false,41753648,1979-11-18
Charlotte,Robinson,28,false,true,71856576,1995-02-05
Elizabeth,Moore,52,false,true,88090119,1971-01-30
Emily,Williams,59,false,false,48659666,1964-01-15
Ella,Davis,68,false,false,21154265,1954-10-21
Olivia,Anderson,51,false,false,69093549,1971-10-25
Andrew,Smith,55,true,true,18723762,1968-04-03
Mason,White,25,true,false,67566910,1998-01-08
Lily,Thompson,89,false,true,22624887,1934-03-18
Ella,White,23,false,true,38891680,2000-01-20
Alexander,Johnson,51,true,true,65087166,1972-10-07
Elizabeth,Jackson,75,false,false,56327932,1948-02-08
Joseph,Brown,68,true,true,35055065,1955-08-03
William,Wilson,31,true,true,27158042,1992-08-09
Emily,White,68,false,false,70637165,1955-08-01
Avery,Martinez,79,false,true,33350715,1944-03-03
Olivia,Garcia,74,false,false,6973159,1949-01-11
Matthew,Anderson,41,true,false,91202029,1982-02-23
Anthony,Smith,89,true,false,27907099,1934-06-05
Ella,Garcia,84,false,true,35229633,1939-07-10
Natalie,Harris,47,false,true,63374363,1976-10-01
Emma,Miller,82,false,false,45680140,1941-06-12
Liam,Taylor,50,true,true,6184881,1973-09-17
Emily,Robinson,33,false,true,3316717,1989-12-24
Liam,Taylor,84,true,true,75365413,1938-10-29
Andrew,Wilson,24,true,false,88857733,1998-11-29
William,Johnson,38,true,true,20627405,1985-06-03
Ethan,Thompson,61,true,true,22157810,1961-11-17
Andrew,Martinez,82,true,true,63789102,1940-11-01
Jayden,Williams,84,true,false,56740258,1939-01-14
Benjamin,Martin,80,true,true,58900417,1942-12-15
Michael,Thompson,51,true,false,95638393,1972-03-02
Anthony,Thompson,49,true,false,63995084,1974-03-29
Addison,White,40,false,false,29126998,1983-08-28
Elijah,Davis,34,true,true,36891387,1989-05-17
Mason,Johnson,46,true,true,36762550,1977-08-31
Ella,Thomas,50,false,false,69566265,1973-04-11
Addison,Robinson,83,false,true,49151498,1940-08-09
Liam,Harris,80,true,true,96896260,1943-06-14
Benjamin,Taylor,33,true,false,75578197,1990-04-07
Lily,Martinez,50,false,true,25879826,1973-03-03
David,Brown,58,true,false,72078187,1965-07-04
David,Harris,82,true,true,18975849,1940-10-29
Daniel,Miller,90,true,false,19406266,1933-02-09
David,Johnson,83,true,false,83162163,1940-01-09
Sofia,Garcia,77,false,true,22400851,1945-12-04
Aubrey,Martin,75,false,false,49832039,1948-09-21
Emily,Wilson,59,false,false,32389987,1964-07-11
Abigail,Thomas,77,false,false,10713228,1946-06-28
William,Martinez,61,true,true,99200934,1962-04-20
Jayden,Martinez,31,true,false,50133638,1992-05-12
Lily,Brown,28,false,true,15536486,1994-11-03
Lily,Anderson,25,false,false,29190428,1998-01-15
Abigail,Anderson,31,false,true,57638584,1991-12-14
Liam,Williams,56,true,false,25253341,1967-05-06
Emily,Thompson,62,false,false,31030098,1961-07-19
Liam,Thompson,57,true,true,1807165,1966-01-29
Aiden,Wilson,88,true,false,35953467,1935-07-11
Natalie,Smith,48,false,false,35783908,1975-09-21
Charlotte,Robinson,36,false,true,21614050,1987-07-11
Natalie,Thompson,27,false,false,72673937,1996-06-15
James,Moore,45,true,true,84868876,1978-09-01
Aiden,Moore,25,true,false,68907343,1998-04-17
Anthony,Martinez,73,true,false,99992210,1950-09-03
Jayden,Garcia,37,true,false,43525455,1985-11-03
Sophia,Martin,89,false,false,73729253,1934-07-18
Joseph,Anderson,29,true,false,78675801,1994-04-28
Avery,Garcia,29,false,true,38888671,1994-09-06
Anthony,Williams,63,true,false,51969907,1960-04-04
Madison,White,83,false,false,37456182,1940-08-07
Michael,Taylor,71,true,false,45541857,1952-06-04
David,Martinez,59,true,true,96788553,1964-03-12
James,Miller,59,true,false,36655177,1964-03-20
Sofia,Brown,80,false,true,89358402,1943-07-22
Daniel,Martinez,77,true,true,17281029,1946-01-09
Emily,Brown,79,false,true,62011095,1943-12-25
Emily,Harris,75,false,false,34298979,1948-06-07
Liam,Moore,52,true,false,21262167,1971-03-11
Olivia,White,61,false,false,1063803,1962-02-19
William,Martin,43,true,false,84110138,1980-09-27
Anthony,Garcia,38,true,true,53788433,1985-05-04
Matthew,Johnson,63,true,false,98245692,1960-04-20
Aiden,Brown,80,true,true,56268024,1943-09-01
Andrew,Moore,56,true,true,57316710,1967-01-15
Joseph,Wilson,79,true,false,54090304,1944-01-16
Noah,Anderson,59,true,false,43760632,1964-02-10
Jacob,Anderson,87,true,false,1423710,1936-05-16
Avery,Anderson,24,false,true,92748489,1999-01-07
Jayden,Thompson,23,true,false,86986031,2000-08-30
Avery,Taylor,40,false,true,23177971,1982-12-24
Ethan,Wilson,46,true,true,14438678,1977-04-28
Zoey,Thompson,25,false,true,27184581,1998-02-12
Lily,Jackson,71,false,true,81462121,1952-04-27
Zoey,Johnson,22,false,true,80157209,2000-10-08
Sofia,Thompson,37,false,false,32333060,1985-11-25
Joshua,Wilson,26,true,true,55657129,1997-04-19
James,Miller,63,true,false,82775883,1960-01-25
Emma,Johnson,81,false,false,68998417,1942-08-28
Ethan,Johnson,66,true,false,75716047,1956-10-18
David,Johnson,43,true,false,88298790,1979-11-25
Benjamin,Smith,81,true,true,83446937,1942-06-30
Emma,White,60,false,true,35231462,1963-07-16
Jayden,Jackson,66,true,false,60747695,1957-04-20
Elijah,Harris,55,true,true,91941889,1967-12-06
Sofia,Martinez,21,false,false,99937139,2002-02-19
Charlotte,Davis,59,false,false,59026049,1963-12-28
Charlotte,Moore,62,false,true,43342080,1961-05-07
Jayden,Davis,56,true,true,55828523,1967-09-13
Elijah,Garcia,50,true,true,1954175,1973-02-13
Matthew,Johnson,53,true,false,45107043,1970-04-07
Jayden,Moore,84,true,false,94197160,1939-09-02
Jayden,Thompson,56,true,false,95177444,1967-01-04
Ella,Martinez,68,false,true,29725010,1954-12-16
Natalie,Thompson,82,false,false,44387400,1940-11-05
Jacob,Brown,90,true,true,27766225,1933-08-06
Aubrey,Thompson,53,false,true,73597207,1969-12-27
Matthew,Martinez,33,true,true,21881097,1990-05-21
Ethan,Miller,65,true,false,42937429,1957-12-16
David,Jackson,89,true,true,15699164,1934-08-31
Emily,Brown,69,false,false,72295249,1954-03-16
Lily,Martin,20,false,false,18326088,2003-04-23
Jacob,Moore,56,true,false,24051280,1966-11-09
Madison,Taylor,57,false,false,97911324,1966-05-08
Sofia,Anderson,64,false,false,28304958,1959-09-16
Matthew,Williams,33,true,false,65219488,1990-07-12
Matthew,Smith,80,true,true,29629368,1942-12-29
Emma,White,85,false,true,46636883,1938-01-29
Jacob,Thomas,82,true,true,94007579,1940-11-20
Natalie,Jackson,54,false,true,25355420,1968-12-08
Emma,Jackson,54,false,false,44655394,1968-11-15
Emma,Martin,40,false,true,52030979,1983-01-06
Jacob,Miller,69,true,false,93707405,1954-04-26
Jayden,Smith,49,true,false,93597476,1974-05-18
Emma,Martin,30,false,true,95065608,1993-07-17
Joshua,Jackson,22,true,false,37218294,2001-04-18
Aiden,Davis,74,true,true,24814121,1949-03-05
Natalie,Moore,63,false,true,33594798,1960-03-12
Zoey,Smith,72,false,false,75503464,1951-10-01
Lily,Martinez,23,false,true,22248044,1999-12-23
Benjamin,White,29,true,true,30822746,1994-05-16
Elizabeth,Thompson,39,false,false,10992092,1983-11-15
Elizabeth,Davis,51,false,true,27635611,1972-03-17
Mia,Taylor,73,false,true,12382519,1950-01-01
Avery,Robinson,55,false,false,54959867,1968-10-08
Emma,Smith,67,false,false,51201306,1956-05-08
Abigail,Davis,54,false,true,54839509,1969-09-09
Matthew,Harris,68,true,true,83487986,1954-11-12
Lily,Thomas,41,false,true,27142792,1982-06-22
Ethan,Moore,84,true,true,43641431,1939-02-11
James,White,73,true,false,88557814,1950-01-24
Ethan,Smith,20,true,false,96555616,2003-05-06
Addison,Harris,39,false,true,53007602,1984-01-02
Aubrey,Jones,64,false,true,19821915,1959-10-13
Sophia,White,31,false,false,93805519,1991-10-29
Sofia,Johnson,80,false,true,15889843,1943-04-24
Charlotte,Johnson,88,false,true,4653919,1934-12-08
Liam,Martinez,28,true,false,14309429,1995-09-27
Andrew,Wilson,77,true,true,73062000,1946-05-29
Alexander,Robinson,38,true,false,70451170,1984-11-05
Joshua,Anderson,64,true,false,86314880,1959-10-11
Madison,Brown,62,false,false,20488207,1960-12-11
Jacob,Jackson,51,true,true,2840859,1971-12-02
Jacob,Jackson,60,true,true,40338154,1962-11-29
Andrew,Martinez,80,true,true,60483798,1943-02-13
Benjamin,Thompson,84,true,false,57620677,1939-08-14
Isabella,Johnson,72,false,true,73426181,1951-10-07
Ava,Miller,80,false,true,36561808,1943-07-03
Charlotte,Thompson,57,false,false,3149867,1966-01-04
James,Williams,39,true,true,87235745,1984-07-03
Emma,Harris,67,false,false,56562012,1955-12-22
Avery,Garcia,65,false,true,20972205,1957-11-26
David,Williams,59,true,false,90008246,1964-07-09
Avery,Williams,58,false,false,80898681,1965-02-22
Chloe,Martinez,19,false,false,27815063,2003-11-20
Ethan,Johnson,58,true,false,33357080,1965-04-16
Natalie,White,36,false,true,51972248,1987-03-28
Avery,Robinson,70,false,true,35081890,1953-09-14
Emma,Davis,73,false,false,15718172,1950-07-31
Michael,Wilson,64,true,true,14406910,1959-10-01
Olivia,White,60,false,true,9495833,1963-04-13
Sophia,Jackson,48,false,false,69163141,1974-11-27
Anthony,Brown,38,true,false,54846200,1985-04-07
Daniel,Garcia,52,true,false,65770440,1971-09-05
Aubrey,Davis,50,false,true,77752377,1973-10-10
Ella,Jackson,87,false,true,82710941,1936-08-04
Abigail,Garcia,74,false,true,73261717,1949-09-10
Lily,Brown,53,false,true,55450961,1969-12-27
Benjamin,Miller,36,true,true,44573232,1987-03-13
Emma,Taylor,71,false,true,29478279,1952-01-27
David,White,53,true,true,26471189,1970-04-14
Sofia,Martinez,66,false,false,57767472,1957-02-09
Matthew,Thomas,27,true,false,12813804,1996-01-21
Anthony,Taylor,31,true,false,4498441,1992-01-27
Chloe,Brown,65,false,false,53008599,1957-12-03
Joshua,Robinson,29,true,true,40569929,1994-09-16
Andrew,Brown,48,true,false,68086213,1975-01-30
David,Miller,55,true,false,56595783,1967-12-25
Isabella,Robinson,47,false,true,57000444,1976-07-10
Elijah,White,59,true,false,84797364,1963-12-13
Liam,Thompson,34,true,false,16025966,1989-06-18
William,Anderson,45,true,true,83608759,1978-01-08
Avery,Brown,30,false,false,2326801,1993-01-27
Emily,Brown,62,false,false,46890230,1961-07-25
Benjamin,Brown,21,true,true,52715960,2002-03-01
Alexander,Wilson,72,true,false,52513030,1950-11-09
Mia,White,30,false,false,47719214,1993-07-03
Avery,Williams,20,false,true,17884863,2002-10-15
James,Johnson,22,true,true,7384375,2001-03-28
Joseph,Martinez,72,true,true,35072932,1951-04-22
Abigail,Wilson,55,false,false,6169617,1968-07-05
Jayden,Smith,32,true,true,25326386,1991-08-16
Joseph,Martin,21,true,true,73452169,2002-02-23
Benjamin,Jackson,20,true,false,76458410,2003-02-05
Addison,White,77,false,true,90526017,1946-02-24
Olivia,Thomas,57,false,false,99710178,1966-03-05
Charlotte,Davis,42,false,true,43803635,1980-10-30
Abigail,Moore,44,false,false,61324037,1979-05-13
Mia,Johnson,33,false,false,74087678,1990-03-19
Elizabeth,Johnson,54,false,true,52613226,1969-01-30
Aubrey,Robinson,26,false,true,91084172,1997-09-23
Joseph,Anderson,43,true,true,93821867,1979-12-14
Isabella,Miller,56,false,true,77131051,1967-01-03
Ethan,Martin,68,true,false,63002365,1955-02-26
Andrew,Johnson,84,true,false,32864511,1939-07-15
Lily,White,72,false,false,2627253,1950-12-10
Ava,Garcia,65,false,false,42585179,1958-01-03
Jayden,Wilson,24,true,false,67255605,1999-09-25
Sofia,Robinson,85,false,false,1820885,1938-09-25
Ella,Garcia,23,false,false,27269802,2000-03-18
David,Wilson,74,true,true,44365491,1949-05-02
Sophia,Jones,59,false,true,17065074,1964-02-10
Jayden,Martinez,54,true,true,5026689,1969-04-17
Joshua,Brown,30,true,true,35877636,1993-02-20
Liam,White,42,true,true,27902577,1981-09-02
Elijah,Anderson,35,true,false,87456415,1988-01-01
Isabella,Martin,35,false,false,81068942,1988-06-25
William,Robinson,41,true,false,24885196,1982-06-30
Benjamin,Williams,75,true,true,62453154,1948-05-30
Aubrey,Robinson,73,false,false,64193708,1949-11-08
Daniel,Thompson,80,true,false,56784252,1942-11-28
Joseph,Jones,63,true,true,28119921,1960-03-11
Mia,Taylor,33,false,true,9916187,1990-05-25
Matthew,Davis,50,true,true,86966969,1973-09-13
Ava,Jones,89,false,true,63092611,1934-01-28
Aubrey,Johnson,31,false,true,27018335,1992-02-20
William,Moore,26,true,true,33071706,1997-05-05
Anthony,Davis,62,true,true,14312207,1961-06-23
Olivia,Martin,21,false,false,7945646,2002-02-24
Ethan,Brown,83,true,false,29227527,1939-10-25
Jayden,Robinson,50,true,true,91555698,1972-12-08
Aiden,Robinson,21,true,false,90095978,2002-05-31
Madison,Jackson,34,false,true,8669321,1989-02-07
Liam,Miller,83,true,true,36220445,1940-04-02
Emma,Jones,50,false,false,9576859,1973-05-30
Mason,Williams,74,true,false,43324842,1948-10-19
Michael,Jackson,69,true,false,42500173,1954-10-01
Ava,Garcia,82,false,true,9778597,1941-06-29
Ella,Anderson,52,false,true,29942756,1971-10-03
Mia,Robinson,56,false,false,59146400,1967-07-30
Ella,Martin,88,false,false,52725910,1934-11-18
Avery,Davis,44,false,false,83545340,1978-11-06
Abigail,Thomas,87,false,false,72385065,1935-12-11
Liam,Moore,51,true,true,37363046,1972-09-13
Alexander,Thomas,61,true,true,95755620,1961-11-17
William,Brown,73,true,true,34069804,1949-11-01
Charlotte,Brown,84,false,false,3942942,1939-02-18
Liam,Brown,32,true,false,28294690,1990-10-20
Lily,Thomas,45,false,false,78324617,1978-04-19
Anthony,Jones,31,true,true,17653483,1992-07-25
Olivia,Garcia,44,false,false,68621824,1978-10-12
James,Wilson,73,true,false,99372236,1949-10-21
Mason,Anderson,59,true,false,59665596,1964-07-13
Aiden,Thompson,75,true,false,14193942,1948-03-02
Sophia,Martinez,31,false,true,2610259,1992-01-20
Isabella,Jackson,55,false,false,3353193,1968-06-27
Madison,Garcia,48,false,true,74147418,1975-10-08
Matthew,Harris,86,true,true,30598876,1937-09-06
Matthew,Brown,39,true,true,57726900,1984-03-20
Ava,Jackson,77,false,true,61000073,1946-05-10
Anthony,Thomas,52,true,true,6344734,1971-01-04
Matthew,Jones,28,true,true,2803069,1995-08-28
Sofia,Smith,36,false,false,49045585,1987-03-20
James,Thompson,36,true,false,5587890,1987-04-16
Abigail,Brown,87,false,false,50574986,1936-01-04
Elijah,Brown,88,true,true,8425193,1935-08-09
Jacob,Jones,79,true,false,58278533,1944-01-21
Ethan,Garcia,39,true,false,65671052,1983-11-08
James,Moore,61,true,false,12250959,1962-10-10
Jacob,Thompson,54,true,false,25706342,1969-01-12
Zoey,Martin,32,false,true,67231540,1990-10-26
Noah,Miller,38,true,false,99675247,1985-01-24
Mia,Martinez,83,false,true,17261717,1939-10-29
Jayden,Miller,43,true,true,84247041,1980-02-05
Joshua,Wilson,48,true,false,93133639,1975-01-09
Emma,Johnson,65,false,false,33936532,1957-11-30
Michael,Miller,85,true,false,13079484,1938-01-24
Joshua,Wilson,67,true,true,79864790,1956-04-03
Aiden,Wilson,43,true,true,11630217,1980-01-27
Zoey,Wilson,54,false,true,95818401,1969-08-27
Joshua,White,45,true,false,9967372,1978-04-24
Olivia,Jackson,84,false,true,78843369,1939-09-10
Michael,Taylor,31,true,true,5349927,1992-08-12
Noah,Moore,60,true,false,7591275,1963-08-22
Emily,Brown,47,false,false,40213394,1976-05-13
Jacob,Thomas,78,true,false,93742823,1945-01-11
Addison,Thomas,63,false,true,58994275,1960-03-04
Lily,Garcia,29,false,false,65092900,1993-10-29
Sophia,Williams,64,false,true,29920119,1959-06-08
Madison,Thompson,71,false,true,58124798,1952-04-16
James,Moore,68,true,false,28938422,1955-07-01
Ella,Jones,45,false,true,1115992,1977-11-01
Aubrey,Jackson,77,false,true,43052557,1946-07-15
Chloe,Jones,84,false,true,47992892,1939-10-01
Elijah,Williams,52,true,false,69453481,1971-02-10
Jayden,Moore,32,true,true,21679721,1991-01-19
Matthew,Harris,19,true,false,49068275,2004-10-02
Charlotte,Brown,29,false,false,1285477,1994-03-27
Matthew,Thomas,37,true,true,68760942,1986-09-04
Elizabeth,Martin,43,false,true,93053401,1980-01-27
Natalie,Anderson,82,false,true,37852044,1940-10-23
Benjamin,Harris,26,true,true,54561395,1996-12-02
Aubrey,White,25,false,false,72276387,1997-12-25
Andrew,Wilson,68,true,true,23754888,1954-10-19
Mason,Jackson,41,true,true,82149977,1982-05-08
Mason,Williams,58,true,true,15831550,1965-02-17
Natalie,Jones,43,false,false,39957382,1980-03-14
Lily,Williams,88,false,true,96012554,1935-09-13
Chloe,Thompson,73,false,true,20358668,1950-05-28
Avery,Brown,80,false,true,95818586,1943-02-20
Natalie,Miller,83,false,true,4267557,1939-12-19
Jayden,Anderson,62,true,false,47004280,1961-07-10
Mia,Martin,78,false,true,2877209,1945-03-05
Isabella,Davis,31,false,false,25448046,1992-08-31
Jacob,Anderson,44,true,true,68496416,1979-05-04
Mia,Smith,81,false,false,45028988,1942-01-16
Chloe,Thomas,39,false,true,26461014,1984-07-27
Avery,Anderson,89,false,false,71319506,1933-11-16
Ava,Garcia,84,false,false,77238471,1939-03-22
Ethan,Robinson,29,true,false,81047012,1994-01-13
Emily,Martinez,36,false,false,53725546,1987-06-12
Joshua,White,69,true,false,48731347,1954-08-13
Mia,Davis,33,false,true,86294908,1990-03-01
Alexander,Smith,75,true,false,5898414,1948-03-17
Ava,Smith,33,false,false,24892192,1990-06-17
Jacob,Martinez,77,true,false,23427068,1946-07-11
Anthony,Davis,87,true,true,88467773,1936-06-18
Ethan,Garcia,56,true,false,34812899,1967-10-13
Jayden,Taylor,28,true,false,91590990,1995-02-19
Joshua,Davis,54,true,true,58063899,1969-03-01
Chloe,Robinson,86,false,true,85524837,1936-11-22
Mason,Taylor,44,true,true,97455120,1979-07-30
Zoey,Davis,23,false,false,60056896,2000-08-24
Natalie,Williams,85,false,false,5269672,1938-07-09
Joseph,White,22,true,true,16295018,2001-01-24
Sophia,Brown,57,false,true,31061714,1966-02-21
Emily,Anderson,38,false,false,62197016,1985-04-05
Ethan,Garcia,49,true,true,37362866,1974-08-23
James,Robinson,59,true,true,80222033,1963-12-12
Madison,Robinson,69,false,true,38778471,1954-08-09
William,Jones,78,true,true,86460934,1945-05-20
Charlotte,Brown,26,false,false,71065948,1997-09-22
Jacob,Jackson,70,true,true,67067966,1953-10-01
Daniel,Thompson,88,true,true,71984973,1935-03-10
David,Davis,79,true,true,56133055,1944-05-18
Joshua,Davis,60,true,false,39240022,1963-09-19
David,Moore,42,true,false,70070414,1981-09-30
Alexander,Martin,26,true,false,7835274,1997-05-13
Mason,Brown,50,true,true,4479221,1973-02-19
Madison,Taylor,72,false,false,97501619,1951-02-16
Elijah,Garcia,88,true,true,16777828,1934-11-20
Noah,Thompson,82,true,true,96659691,1940-12-30
Zoey,Taylor,69,false,true,31528112,1953-10-22
David,White,63,true,false,31584095,1960-02-28
Elijah,Martin,20,true,false,88767412,2003-09-23
Avery,White,36,false,true,80957245,1986-11-22
Aiden,Jones,84,true,false,62643971,1939-09-19
Ethan,Moore,25,true,false,57846569,1998-07-28
Sophia,Taylor,34,false,false,29152793,1989-02-03
Joseph,Moore,70,true,true,71659494,1953-02-16
Isabella,Johnson,47,false,false,63121994,1975-12-29
Elizabeth,Thomas,40,false,true,59635705,1983-08-22
Chloe,Robinson,35,false,true,69202471,1988-02-02
Aubrey,Robinson,59,false,true,75759736,1964-01-09
Addison,Garcia,65,false,true,3025216,1958-08-15
Avery,White,53,false,false,71450183,1969-11-02
Sofia,Wilson,89,false,true,45122206,1933-11-17
Noah,Martinez,90,true,true,57640779,1933-06-28
Alexander,Wilson,37,true,false,37372826,1986-03-11
Matthew,Moore,20,true,false,45366591,2003-01-26
Elizabeth,Williams,20,false,true,6301131,2003-08-19
Aubrey,Harris,78,false,false,25720384,1944-11-20
Avery,Davis,75,false,false,2741686,1948-09-16
Sophia,Garcia,88,false,false,59708717,1935-04-23
Joseph,Harris,48,true,true,72371257,1975-08-18
Charlotte,Miller,23,false,false,95524927,1999-12-29
Alexander,Martinez,46,true,true,90201994,1976-12-22
Zoey,Jackson,43,false,true,75157717,1980-02-14
Jayden,Brown,64,true,true,82911466,1959-01-04
Sophia,Harris,39,false,false,17432998,1984-09-09
Michael,Harris,52,true,false,68881118,1971-03-24
Daniel,Garcia,83,true,true,81733535,1940-07-22
Emily,Smith,64,false,true,39643169,1958-11-24
Charlotte,Thompson,28,false,true,69547358,1994-10-25
Emily,Thomas,79,false,false,83926249,1944-01-10
Olivia,Wilson,46,false,false,11239016,1977-09-13
Joshua,Williams,61,true,false,27477296,1962-07-08
Isabella,Miller,81,false,false,16869342,1941-10-22
Aubrey,Thomas,52,false,true,32931782,1970-12-02
Sophia,Wilson,64,false,true,95865874,1959-04-01
James,Martinez,65,true,true,28848756,1957-10-29
Abigail,Moore,71,false,false,63596191,1951-12-30
Daniel,Johnson,43,true,true,43243237,1979-11-30
Benjamin,Martin,37,true,true,18719350,1986-10-01
Natalie,Anderson,78,false,true,92647454,1945-01-11
Ava,Williams,33,false,false,95005485,1989-12-29
Aiden,Garcia,52,true,true,33388263,1971-03-24
Daniel,Moore,25,true,false,5264533,1997-11-29
Sophia,Martinez,27,false,false,91362520,1995-12-10
William,Robinson,40,true,false,94700889,1982-11-16
Ava,Martinez,72,false,false,74864005,1950-12-14
Aubrey,Wilson,44,false,false,23040171,1979-01-09
Ella,Martinez,55,false,false,4489120,1968-07-16
Natalie,Wilson,49,false,false,11270996,1974-03-20
Aubrey,Johnson,59,false,true,74083163,1963-12-16
Joshua,Smith,89,true,true,21539083,1934-10-18
Natalie,Wilson,23,false,false,95380235,2000-06-25
Joshua,Smith,71,true,true,98471007,1952-01-22
Elizabeth,Anderson,82,false,true,44678963,1940-12-31
James,Taylor,23,true,true,14786348,2000-06-05
Abigail,Anderson,68,false,false,8261727,1955-10-10
Mason,White,47,true,true,96260287,1976-04-17
Elijah,Jones,57,true,true,77477915,1965-12-09
Chloe,Martinez,85,false,true,34860659,1938-07-07
Sophia,Thomas,84,false,false,13422702,1939-01-30
Lily,Thomas,45,false,false,12734174,1978-05-21
Liam,Jones,73,true,false,71603886,1950-03-13
Liam,Davis,44,true,false,36656983,1979-10-06
Alexander,Thompson,35,true,true,97994491,1988-05-29
Emma,Brown,87,false,false,50996196,1936-02-28
Emily,White,42,false,false,34437772,1981-09-22
Avery,Thomas,53,false,false,84755725,1970-10-06
Olivia,Johnson,41,false,true,87176818,1982-02-18
Aiden,Anderson,70,true,false,63258319,1953-09-26
Olivia,Taylor,40,false,true,34466227,1983-09-15
Matthew,Taylor,37,true,false,72796137,1986-08-18
Emma,Jackson,87,false,true,3804312,1935-12-29
Aiden,Jones,90,true,true,46519687,1933-01-26
Benjamin,Thompson,73,true,true,57079854,1950-03-23
William,Thompson,60,true,true,54432897,1963-03-02
Elizabeth,Martin,38,false,false,48526538,1985-07-14
Natalie,Johnson,30,false,false,13682188,1993-02-03
Jacob,Harris,43,true,true,57140319,1980-08-10
Anthony,Brown,59,true,false,35980941,1963-10-28
Elizabeth,Harris,88,false,false,26754733,1935-01-28
Matthew,Jones,56,true,false,6052357,1967-04-11
Mason,Williams,48,true,true,72326814,1974-12-31
Addison,Wilson,20,false,true,17262989,2002-11-09
Alexander,Brown,70,true,false,23288438,1953-08-04
Aubrey,Wilson,82,false,false,32636374,1941-01-03
Emma,Miller,42,false,false,9874774,1980-11-04
Ethan,Anderson,71,true,false,2143881,1952-09-07
Chloe,Thompson,43,false,false,21783016,1980-07-30
Olivia,Brown,74,false,true,88710305,1949-04-21
Ava,Anderson,41,false,false,13266292,1982-06-06
Avery,White,72,false,true,93874263,1950-11-21
Sofia,Moore,70,false,false,59331749,1953-10-03
David,Martin,27,true,false,61908927,1996-09-05
Sophia,Jones,29,false,true,81537787,1994-01-30
Olivia,Garcia,28,false,true,9593375,1995-02-24
David,Davis,56,true,false,52881513,1967-01-07
Elizabeth,Garcia,42,false,false,35214359,1980-11-23
Natalie,Martin,44,false,true,53200720,1979-08-06
Aubrey,Harris,51,false,false,33200822,1972-07-26
Liam,Moore,47,true,false,53025422,1976-06-01
Aubrey,Smith,31,false,true,54920550,1992-04-01
Mason,Taylor,37,true,false,3662467,1986-03-01
Mason,Martinez,28,true,false,23429945,1995-05-10
Avery,Johnson,23,false,true,87155471,1999-11-15
Abigail,Thompson,42,false,true,40718344,1981-01-09
Emily,Thompson,59,false,false,34843214,1964-02-10
Joseph,Harris,23,true,false,96334416,1999-11-04
Noah,White,47,true,true,43813944,1976-01-03
Addison,Garcia,38,false,true,69768214,1985-05-19
Isabella,Robinson,28,false,true,62654075,1995-01-10
Aubrey,Jones,25,false,false,36366589,1998-09-30
Ethan,White,58,true,true,15378580,1965-05-17
Sofia,Martin,77,false,false,95779656,1946-03-23
Jayden,Williams,46,true,false,50644889,1977-05-09
Aiden,Martin,85,true,false,61400173,1938-10-05
Sophia,Harris,83,false,false,94921295,1939-12-18
Sofia,Thompson,70,false,true,97977229,1953-02-16
Olivia,Martinez,45,false,false,26604697,1978-03-25
Matthew,Smith,31,true,true,53074803,1991-11-20
Olivia,Anderson,20,false,false,48602726,2002-10-05
Daniel,Thomas,44,true,false,66053791,1978-11-27
Isabella,Robinson,76,false,true,42435934,1947-01-28
Avery,Smith,18,false,true,36360270,2004-10-23
Emma,Taylor,58,false,true,22290200,1964-10-20
William,Wilson,39,true,true,84481328,1983-10-21
Jacob,Garcia,55,true,false,91139542,1968-05-03
Elijah,Anderson,33,true,true,68712335,1990-03-28
Joshua,Anderson,20,true,true,64724466,2003-04-23
Emma,White,36,false,false,78941403,1986-12-14
William,Miller,85,true,false,9636540,1938-07-13
Lily,Jackson,62,false,true,19766233,1961-07-06
Jayden,Anderson,39,true,true,3018148,1984-06-02
Anthony,Thomas,66,true,false,91089803,1956-12-20
Emma,Wilson,80,false,true,58161800,1942-11-12
Natalie,Garcia,53,false,true,21497318,1970-06-30
Mia,Thompson,23,false,true,55762461,2000-04-15
Elizabeth,Garcia,38,false,true,58231387,1985-08-23
Benjamin,Taylor,55,true,false,59523531,1967-11-21
Addison,Taylor,86,false,true,78491552,1937-09-30
Benjamin,Robinson,52,true,false,12119183,1971-01-11
Emma,Thomas,61,false,false,79062139,1962-08-12
Ava,Anderson,26,false,false,70344500,1997-02-09
Anthony,Jones,39,true,false,67621135,1984-03-04
Emily,Miller,52,false,true,59725882,1971-10-11
Matthew,White,24,true,true,4267846,1999-04-09
Emily,Robinson,25,false,false,2037551,1998-03-20
Charlotte,Jackson,69,false,false,54686861,1954-06-03
Michael,Wilson,65,true,true,83606791,1958-04-06
Aiden,Martinez,83,true,false,95196439,1940-09-29
David,Robinson,68,true,false,48734155,1954-10-17
Daniel,White,29,true,false,32566284,1994-08-09
Lily,Thomas,43,false,true,79016040,1980-05-21
Aiden,Jackson,67,true,true,73129318,1956-08-05
Joshua,Smith,32,true,true,80364347,1991-10-04
Charlotte,Thompson,29,false,true,77057208,1994-08-29
Abigail,Garcia,87,false,true,76335555,1936-07-11
Addison,Wilson,83,false,true,16711723,1939-12-04
Abigail,Robinson,32,false,false,96844071,1991-08-10
Alexander,Martinez,65,true,false,47325804,1958-08-22
Avery,Robinson,75,false,false,44859137,1947-12-13
Alexander,Miller,53,true,false,81828898,1969-12-04
William,Thompson,29,true,false,81968333,1994-09-15
Joseph,Moore,32,true,true,56836753,1991-07-19
Ella,Anderson,83,false,false,70957599,1940-05-13
Ella,Smith,72,false,true,58689579,1951-07-06
Matthew,Taylor,70,true,false,27196738,1953-03-16
Chloe,Thomas,40,false,false,46032795,1983-08-26
Ethan,Thomas,24,true,true,87768368,1999-03-24
Aubrey,Jackson,34,false,true,75991931,1989-03-22
Aubrey,White,86,false,true,99989169,1937-01-01
Benjamin,Smith,56,true,false,41869960,1967-01-02
Aiden,Brown,25,true,false,37437759,1997-12-27
Joshua,Jones,72,true,false,38224186,1951-08-31
Ava,Davis,29,false,false,5524403,1994-03-29
Anthony,Thomas,69,true,true,44562629,1954-03-14
Natalie,Jones,58,false,false,38744764,1964-11-24
Natalie,Moore,67,false,true,51702031,1956-05-06
Chloe,Jones,81,false,false,86723464,1942-09-05
James,Taylor,89,true,true,89394533,1934-01-08
Jacob,Johnson,19,true,true,94245860,2004-08-01
Elizabeth,Davis,24,false,true,83489837,1999-01-02
Olivia,Anderson,40,false,true,1595823,1983-09-08
Emily,Martin,83,false,false,29788146,1939-11-06
Daniel,Davis,48,true,true,61759821,1974-10-27
Addison,Thompson,43,false,true,20816543,1980-01-21
Ella,Anderson,38,false,false,59545565,1985-05-27
Zoey,Smith,74,false,true,48306519,1949-06-12
Olivia,Brown,25,false,false,38468010,1998-03-21
Joseph,Moore,57,true,true,90924365,1965-12-12
Michael,Johnson,68,true,false,66535697,1955-06-14
Lily,Jackson,32,false,false,24357472,1991-02-02
Emma,Brown,31,false,true,52143718,1992-03-14
Chloe,Williams,66,false,true,39331700,1957-04-14
Emily,Taylor,58,false,true,14808495,1965-10-10
Madison,Johnson,66,false,false,40332218,1957-03-29
Aubrey,Garcia,53,false,false,46492050,1969-11-10
Michael,Jones,85,true,true,81314712,1938-08-22
Noah,Thomas,75,true,true,18177720,1948-09-19
Abigail,Johnson,39,false,false,25207815,1984-06-09
Anthony,Harris,68,true,true,66245371,1955-04-01
Ava,Williams,42,false,true,75192004,1981-02-27
Lily,Harris,62,false,false,57686400,1961-08-03
Mason,Jackson,55,true,true,53626226,1968-01-28
Daniel,Miller,75,true,true,78797683,1947-12-04
Addison,Anderson,26,false,false,33059667,1997-04-19
Madison,Wilson,25,false,true,58043290,1998-04-12
Natalie,Jones,51,false,false,57612934,1972-03-09
Emily,Garcia,29,false,false,26323520,1993-11-07
Liam,Thompson,32,true,false,28834540,1990-11-22
Benjamin,Wilson,27,true,true,50627943,1996-08-21
Avery,Harris,54,false,false,68020326,1969-03-27
Alexander,Martin,52,true,true,86558141,1971-01-24
Ella,Jones,81,false,true,93001049,1942-02-07
Andrew,Davis,53,true,false,89179379,1969-12-12
Charlotte,Wilson,24,false,true,60364271,1999-08-14
Mia,Thomas,66,false,true,96440673,1957-05-20
William,Garcia,82,true,false,24949071,1941-10-04
William,Williams,29,true,true,96982504,1993-12-13
Zoey,White,46,false,false,38650120,1977-02-17
Aubrey,Jones,31,false,true,81007798,1991-10-08
Chloe,White,78,false,true,45807513,1945-04-25
David,Robinson,73,true,true,23736494,1950-07-27
Emily,Thomas,46,false,true,96763872,1976-12-19
Charlotte,Jones,80,false,false,41073267,1943-06-01
Daniel,Williams,87,true,true,37930316,1936-09-17
Ethan,Johnson,86,true,true,55159932,1937-10-10
Sofia,Williams,35,false,false,39964922,1987-11-11
James,Moore,32,true,false,29683052,1991-06-13
Lily,Wilson,47,false,true,48038911,1976-04-16
Mason,Brown,82,true,true,26561784,1941-04-10
Madison,Thomas,46,false,false,89301155,1977-08-15
Jayden,Williams,87,true,false,28338149,1936-04-18
Liam,Harris,49,true,false,83490477,1973-12-08
Mason,Taylor,63,true,true,23174017,1960-06-17
Charlotte,Wilson,88,false,true,30650072,1934-11-20
Andrew,Jackson,66,true,true,29886308,1957-02-27
Charlotte,Wilson,52,false,false,18283053,1971-04-27
Lily,Johnson,57,false,true,26850028,1966-04-11
Charlotte,Harris,64,false,true,44432142,1959-10-07
Abigail,Jones,34,false,true,71897961,1989-04-07
Sofia,Johnson,86,false,false,58088121,1937-03-19
Alexander,Wilson,43,true,true,12404304,1980-09-22
Avery,Brown,51,false,true,77393852,1972-06-30
Natalie,Anderson,69,false,false,3243219,1954-07-18
Ethan,Garcia,24,true,false,3274449,1999-06-04
Ella,Jackson,21,false,false,81715912,2001-11-30
Lily,Davis,30,false,false,69268247,1992-11-30
Aubrey,Jackson,81,false,true,31849544,1942-04-30
Alexander,Davis,30,true,true,88113152,1993-04-09
Sofia,White,20,false,false,18942301,2002-10-12
Alexander,Martin,61,true,true,33884334,1962-03-30
Sophia,Anderson,47,false,false,77348568,1976-01-27
Aubrey,Thomas,28,false,false,55307760,1995-05-06
Emma,Thompson,65,false,true,46152915,1958-04-21
Mason,Smith,72,true,false,3992280,1950-12-10
Joshua,Martinez,63,true,true,64974818,1959-11-24
William,Smith,66,true,false,72809435,1957-07-02
Sophia,Martin,42,false,true,65246283,1981-03-17
William,Smith,49,true,false,41368943,1973-12-29
Mia,Robinson,43,false,true,13411871,1980-08-13
Ella,Jackson,73,false,false,84120487,1950-06-04
Lily,Harris,60,false,true,39557997,1963-09-29
Anthony,Brown,68,true,false,73881170,1955-05-11
Emma,Martin,56,false,true,34035246,1967-01-18
Ethan,Thomas,22,true,false,26075177,2001-01-30
Liam,Thompson,85,true,true,3698889,1938-09-03
Andrew,Thomas,42,true,true,7124956,1981-08-20
Daniel,Moore,39,true,true,55846652,1984-05-09
Aiden,Robinson,21,true,false,18931884,2002-04-05
Chloe,Taylor,84,false,false,27599293,1939-06-23
Addison,Thompson,30,false,false,84033919,1993-03-06
Isabella,Martin,58,false,false,32246845,1965-03-08
Madison,Harris,31,false,true,71378187,1992-04-19
David,Wilson,30,true,true,81011582,1993-02-21
Zoey,Moore,24,false,true,23612316,1999-04-23
Abigail,Taylor,42,false,false,84547262,1981-01-02
Elizabeth,Smith,83,false,false,60451010,1940-06-03
Mason,White,61,true,false,7948983,1962-02-08
Natalie,Brown,52,false,true,45872794,1971-10-08
Aubrey,Miller,62,false,false,61544682,1961-02-13
Benjamin,Williams,48,true,true,3010158,1975-05-23
Daniel,Harris,33,true,false,47160843,1990-05-06
Isabella,Garcia,67,false,true,71149723,1956-06-19
Andrew,Smith,89,true,true,3892512,1934-09-18
Ava,Miller,86,false,false,26697044,1937-05-29
Jacob,Jackson,43,true,false,86577975,1979-11-15
Joshua,Jones,77,true,true,4412413,1946-07-03
James,Martin,27,true,true,50448213,1996-06-25
Olivia,Harris,52,false,true,44434472,1971-04-24
Michael,Wilson,22,true,false,10028015,2001-04-05
Liam,Thomas,26,true,false,99582619,1996-11-19
Elizabeth,Garcia,76,false,true,17018149,1946-12-28
Addison,Jackson,45,false,false,46051505,1978-01-19
Addison,Martin,80,false,false,90851822,1943-09-20
Sofia,Miller,77,false,false,72169394,1945-12-27
Joseph,Smith,66,true,false,41441156,1957-06-15
Michael,Williams,76,true,false,23343645,1947-07-22
Olivia,Brown,28,false,true,78524241,1994-11-08
Abigail,Jones,35,false,true,61035362,1988-10-05
Charlotte,Wilson,49,false,false,34169717,1973-11-15
Abigail,Thomas,22,false,false,22940876,2000-12-17
Chloe,Johnson,86,false,true,20736960,1937-09-07
Ethan,Martin,60,true,false,46947347,1963-08-15
Abigail,Martin,81,false,true,76334851,1942-02-15
William,Martin,43,true,true,77979200,1979-12-15
Madison,Garcia,87,false,false,55655094,1936-09-28
Emma,Martin,44,false,true,24476443,1978-11-28
Emma,Taylor,41,false,true,56829488,1982-08-09
Avery,Thomas,67,false,false,2886228,1956-02-13
Ava,Harris,20,false,false,30073671,2003-03-24
Alexander,Garcia,25,true,true,77099506,1998-05-06
Ella,Thomas,36,false,true,85447349,1987-05-29
Benjamin,Johnson,40,true,false,56612535,1983-05-20
Charlotte,Martin,67,false,false,6933703,1956-06-14
Sofia,Thomas,60,false,true,89036323,1962-11-18
Joshua,Thompson,63,true,false,43058606,1960-01-15
Sophia,Garcia,25,false,true,78101950,1998-01-05
Addison,Martin,68,false,true,92799648,1955-04-02
Ella,Miller,65,false,false,22080570,1958-06-16
Aiden,Davis,58,true,true,46160994,1965-08-30
Zoey,Martinez,47,false,true,38672679,1976-06-30
Mason,Brown,87,true,true,48942829,1935-11-22
Michael,Anderson,62,true,true,41326540,1961-09-23
Anthony,Johnson,24,true,false,91809472,1999-03-11
Olivia,Smith,36,false,true,45216867,1987-09-20
Zoey,Robinson,85,false,false,46168989,1937-11-21
Jayden,White,71,true,true,83236463,1952-07-20
Elizabeth,Johnson,72,false,true,82258568,1951-02-22
Daniel,Martinez,82,true,false,39540023,1940-11-29
Natalie,Moore,65,false,false,72475407,1958-06-22
Charlotte,Miller,44,false,true,61586023,1979-06-17
Isabella,White,74,false,false,44037029,1949-04-04
Anthony,Davis,79,true,false,23753663,1944-06-25
Benjamin,Martinez,28,true,false,39376579,1995-07-10
Joseph,Harris,88,true,false,19728946,1935-02-02
Natalie,Thompson,55,false,true,4017278,1968-04-08
Avery,Anderson,83,false,false,96070371,1940-01-20
Anthony,Moore,70,true,true,38710258,1953-02-22
Anthony,Martin,50,true,true,72964329,1973-06-10
Ella,Moore,65,false,false,96285589,1957-10-19
Michael,Jones,55,true,true,96726362,1968-05-23
Noah,Martin,26,true,true,7304508,1997-06-28
Benjamin,Davis,21,true,true,61936111,2002-07-13
Addison,Williams,63,false,false,91965242,1959-12-14
Avery,Miller,48,false,false,65880583,1975-03-16
Anthony,Martinez,85,true,false,80834410,1938-10-17
Mia,Brown,60,false,true,37206716,1962-10-16
William,Davis,61,true,false,74095413,1961-10-31
Jayden,Thompson,87,true,false,9872942,1936-01-02
James,Thomas,83,true,true,64008248,1940-05-01
Elijah,Johnson,82,true,true,74895307,1941-03-18
Charlotte,Thompson,32,false,false,94835223,1991-01-12
Daniel,Martinez,49,true,false,45119643,1974-03-02
Joseph,Smith,35,true,true,8902938,1988-07-28
Benjamin,Martin,34,true,false,77744173,1988-11-11
James,Thomas,54,true,false,5451243,1969-04-29
Joshua,Robinson,59,true,true,61099155,1964-05-13
Ava,Jones,28,false,true,26893507,1995-06-03
Alexander,Brown,22,true,false,46040696,2001-09-03
James,Thomas,32,true,true,67231492,1990-12-03
Andrew,Harris,80,true,true,60951906,1943-07-06
Abigail,Davis,48,false,true,22228803,1975-01-26
Matthew,Taylor,31,true,true,85575825,1992-06-16
Jayden,Smith,62,true,false,87284366,1960-10-29
Joseph,Johnson,30,true,false,12818248,1993-06-22
Chloe,Robinson,44,false,true,42260352,1979-07-18
Emma,Garcia,83,false,true,6483805,1940-01-14
Joseph,Robinson,44,true,false,94717352,1979-03-15
Abigail,Anderson,27,false,false,52381077,1995-12-16
Joseph,White,29,true,true,92050204,1994-05-04
Addison,Williams,29,false,true,43880119,1994-04-16
Jacob,Robinson,72,true,false,83598603,1951-02-18
Lily,Johnson,61,false,true,9373910,1962-09-27
Madison,Miller,70,false,false,38933267,1953-05-19
Matthew,Robinson,46,true,false,70259673,1976-10-26
Michael,Thompson,52,true,true,25322739,1970-12-07
David,White,38,true,false,55114445,1985-04-16
Chloe,Davis,53,false,false,37171678,1969-11-13
Joshua,Harris,35,true,false,54748709,1988-08-03
Elijah,White,81,true,true,66142334,1942-06-30
Ava,Jones,88,false,false,80441850,1935-06-23
Matthew,Martinez,47,true,false,93627893,1976-05-27
Andrew,Davis,83,true,true,33075408,1939-10-23
Matthew,Martinez,67,true,false,17592135,1955-10-31
Benjamin,Anderson,44,true,true,20200863,1979-03-09
Alexander,Jones,29,true,true,1745168,1994-08-13
Avery,Moore,60,false,true,34315253,1963-03-13
Joseph,Harris,43,true,false,37025374,1980-03-19
Sofia,Wilson,87,false,false,77550900,1936-07-02
Chloe,Thompson,59,false,true,63116013,1964-04-18
Abigail,Jones,21,false,false,83434224,2002-06-17
Joshua,Thomas,82,true,true,58772856,1940-10-31
Isabella,Taylor,61,false,true,67736432,1962-02-07
Chloe,White,44,false,true,41182738,1979-07-14
Emma,White,29,false,true,58268333,1994-05-30
Elizabeth,Garcia,89,false,true,31122280,1934-10-11
Michael,Jackson,79,true,true,83189620,1944-08-13
Alexander,Martinez,42,true,true,73557954,1981-07-19
Ella,Davis,84,false,false,33118752,1938-11-13
Emma,Anderson,22,false,false,65097856,2001-08-01
Ava,Thomas,34,false,true,38608858,1989-03-09
Zoey,Thomas,52,false,false,3884413,1971-02-05
Daniel,Harris,48,true,true,55402015,1974-10-26
Matthew,Brown,47,true,true,67972252,1976-01-15
Mason,Williams,52,true,false,44265471,1970-12-09
Mason,Jackson,76,true,false,7740994,1947-04-03
Madison,Davis,61,false,false,17684741,1962-01-05
Elizabeth,Taylor,22,false,true,60145711,2001-04-29
Matthew,Harris,80,true,true,9369482,1943-05-28
Ethan,Taylor,51,true,true,31217731,1971-12-28
Ethan,Jones,64,true,true,3653308,1958-11-12
Emma,Jackson,78,false,true,82365180,1944-12-22
Abigail,Thomas,21,false,true,51168947,2001-12-25
Zoey,Wilson,22,false,false,56619481,2001-04-28
Madison,Anderson,29,false,false,85091135,1994-02-24
Daniel,Jackson,87,true,true,74238866,1936-05-09
Anthony,Harris,87,true,false,17284219,1936-01-26
Joshua,Thomas,86,true,true,33530891,1937-03-27
Emma,Martin,73,false,true,60677226,1950-09-22
William,Wilson,72,true,true,12477379,1951-10-09
Andrew,Robinson,64,true,true,92096525,1959-03-13
Emily,Jackson,51,false,true,27330235,1972-04-15
Liam,Thomas,25,true,true,22110907,1998-04-04
Jayden,Martin,42,true,true,65560931,1980-11-04
Charlotte,Davis,87,false,false,34661334,1936-03-10
James,Smith,48,true,false,22297167,1975-06-21
Madison,Martinez,41,false,true,23146255,1981-12-03
Jacob,Harris,77,true,true,64933929,1946-02-16
Sofia,Davis,83,false,false,65522472,1940-04-06
Emma,Garcia,52,false,true,28840731,1971-05-16
Andrew,Miller,62,true,true,98714646,1961-09-20
Aiden,Smith,74,true,false,53013219,1948-12-27
Abigail,Thomas,35,false,false,30491504,1988-07-27
Alexander,Anderson,83,true,false,58569167,1939-12-05
Sofia,Jackson,80,false,true,67426551,1942-12-31
Anthony,Jackson,41,true,false,56931382,1981-11-14
David,Robinson,89,true,true,75295702,1934-10-13
Chloe,Robinson,74,false,false,6219455,1949-07-02
Joseph,Williams,54,true,false,11513876,1969-05-23
Olivia,Thompson,82,false,true,63560340,1941-10-18
Ava,Thomas,86,false,true,5291245,1936-12-21
Andrew,Williams,75,true,true,6337752,1948-06-12
Jayden,Taylor,60,true,true,76783503,1963-04-19
Mia,Williams,88,false,true,18296378,1935-08-08
Emma,Taylor,23,false,false,75819429,1999-10-24
Mason,Thomas,30,true,false,6946683,1993-06-18
Aiden,Harris,64,true,true,30367402,1958-11-01
Olivia,Martin,78,false,false,57743052,1945-04-22
William,Smith,45,true,false,64670201,1978-10-06
Mason,Thompson,88,true,true,16690146,1935-07-14
Joseph,Garcia,50,true,false,93836241,1973-06-24
Ella,Martinez,56,false,false,30093723,1967-02-01
Abigail,Anderson,64,false,false,40883585,1959-04-15
Joshua,Martin,35,true,true,33437281,1988-03-02
Mason,Martinez,82,true,false,15810528,1940-12-19
Charlotte,Thomas,48,false,false,37751523,1974-12-01
Elizabeth,Moore,50,false,true,9809593,1972-10-14
Charlotte,Jackson,75,false,true,90479987,1948-03-15
Emma,Harris,74,false,true,92750020,1949-07-30
Mia,Robinson,85,false,false,35978427,1938-03-07
Emma,Johnson,27,false,false,28000607,1996-06-12
Elijah,Moore,68,true,false,23156601,1955-07-10
David,Martinez,81,true,false,82255081,1941-12-16
Addison,Taylor,46,false,true,71968514,1976-10-15
Jacob,Martin,42,true,false,95334850,1981-05-12
Anthony,Moore,59,true,true,28021628,1964-07-29
Joshua,Anderson,78,true,true,91755753,1944-12-07
Alexander,White,67,true,false,23534682,1956-10-09
Liam,Garcia,88,true,true,72680593,1934-12-13
Mia,Martinez,87,false,false,92741627,1936-01-27
Daniel,Williams,29,true,false,64475769,1994-02-03
Sofia,Thomas,31,false,true,56391090,1992-05-30
Jacob,Wilson,86,true,true,34969948,1937-09-09
William,Johnson,73,true,true,29120069,1950-10-02
Madison,Brown,87,false,true,2590230,1936-05-02
Jacob,Wilson,39,true,false,28982782,1984-06-17
Olivia,Thomas,88,false,true,16812600,1934-12-06
Sophia,Garcia,40,false,false,56798429,1983-10-09
Michael,Thomas,73,true,true,61107678,1950-02-22
Alexander,Johnson,44,true,false,63639561,1979-07-16
Olivia,Williams,75,false,true,60157851,1947-12-04
Elizabeth,Robinson,38,false,false,69809915,1985-07-18
Mia,Robinson,38,false,false,31909051,1985-04-18
Abigail,White,36,false,false,16403212,1987-05-09
Daniel,Williams,81,true,true,38487496,1941-12-25
Zoey,Robinson,89,false,false,4698861,1933-12-20
Zoey,Jones,69,false,true,44163948,1954-05-08
Jayden,Thomas,68,true,true,71017470,1955-08-29
Addison,Williams,22,false,true,21490758,2001-07-31
Sophia,Anderson,34,false,true,49699404,1989-03-31
Emma,Robinson,36,false,true,48852469,1987-05-30
Matthew,Davis,39,true,false,49153424,1984-10-01
Ella,Brown,29,false,false,66251552,1994-07-03
James,Robinson,72,true,false,11210380,1950-11-10
Benjamin,Anderson,39,true,false,30916259,1984-01-18
Aiden,Jones,30,true,true,67780342,1993-06-15
Abigail,Martin,83,false,false,7023332,1940-05-31
Noah,Miller,87,true,true,23282032,1936-04-07
Jayden,Miller,33,true,false,84388515,1989-12-18
Mia,White,67,false,true,36074731,1956-09-18
William,Harris,25,true,true,4836341,1998-02-16
Emily,Taylor,41,false,false,54328067,1982-06-27
Emma,Martin,76,false,true,40479954,1947-09-07
Olivia,Thompson,28,false,true,87201924,1995-06-18
Aubrey,Harris,55,false,true,46127926,1968-03-23
Andrew,Johnson,75,true,true,52218067,1948-09-16
David,Jones,87,true,true,3455666,1935-12-31
Elizabeth,Harris,77,false,false,57007334,1946-03-30
Aiden,Thompson,32,true,true,17506715,1991-05-09
Jacob,Davis,54,true,true,14363607,1969-07-02
Emma,Taylor,54,false,false,22170197,1969-01-02
Aiden,Brown,34,true,false,34946093,1988-10-14
Avery,Harris,46,false,false,38074608,1976-11-08
Elijah,Williams,60,true,true,35983325,1963-06-01
Jacob,Brown,84,true,false,1599096,1939-05-01
Elizabeth,Brown,80,false,false,36401419,1942-12-15
Alexander,Johnson,76,true,true,93213195,1947-06-05
Madison,Williams,41,false,true,84813396,1981-10-23
Abigail,Thompson,55,false,true,29221209,1968-06-16
Andrew,Thompson,31,true,true,93567020,1992-01-31
Joshua,Jackson,58,true,false,40004852,1965-02-05
William,Robinson,70,true,false,76501577,1953-04-19
Aiden,Wilson,76,true,true,92270585,1946-11-27
Elijah,Williams,47,true,false,4273803,1976-05-03
Sophia,Thompson,42,false,true,59306149,1981-06-10
Jayden,Martin,66,true,false,56077901,1957-05-22
Mia,Garcia,55,false,false,77893049,1967-12-20
Joseph,Martinez,55,true,false,58612906,1968-03-29
Anthony,Garcia,80,true,false,27305782,1942-11-26
Ethan,Smith,24,true,false,58748933,1999-02-24
Michael,Miller,56,true,true,69986720,1967-02-20
Addison,Davis,51,false,false,71536246,1972-02-20
Emily,Moore,29,false,true,11471887,1993-11-20
Alexander,Thompson,77,true,false,37798708,1945-10-19
Emma,Anderson,87,false,false,89595133,1936-05-24
Joseph,Wilson,35,true,true,5971425,1988-02-16
Joshua,Martinez,27,true,false,71601614,1996-09-04
Jacob,Martinez,61,true,false,63925634,1962-07-29
Chloe,Smith,76,false,true,85171305,1947-01-26
Mia,Anderson,36,false,true,91498484,1987-04-06
Olivia,Thompson,47,false,false,76237206,1975-12-28
Lily,Smith,42,false,false,20071701,1981-06-26
Joseph,Wilson,45,true,false,4151809,1977-11-09
Jacob,Wilson,78,true,false,50110034,1945-08-31
Olivia,Jackson,80,false,false,30638383,1943-02-03
Mason,Martin,26,true,false,81366725,1997-08-08
Jayden,Martinez,42,true,false,55228162,1981-06-16
Emily,Thompson,44,false,false,83799921,1978-11-12
Elizabeth,Anderson,75,false,true,12300686,1948-05-27
William,Martin,74,true,false,79414230,1949-01-16
James,Martin,22,true,false,36237741,2001-04-23
Isabella,Martinez,51,false,true,93086716,1972-05-13
Daniel,Brown,28,true,true,8355264,1995-03-01
Zoey,Garcia,40,false,false,36158485,1982-10-24
Jayden,Johnson,60,true,true,38485030,1963-10-10
Emily,Martinez,40,false,false,86036208,1982-11-23
Ella,Anderson,52,false,false,87974349,1971-08-28
Benjamin,Martinez,40,true,true,4589804,1983-01-01
Avery,Williams,23,false,false,75281626,2000-09-23
Isabella,Thomas,32,false,true,5634091,1991-09-18
Lily,Thomas,90,false,true,3505034,1933-10-07
James,Taylor,57,true,false,10568817,1966-02-24
Avery,Martin,56,false,false,48547433,1967-08-09
David,Jackson,75,true,false,30496417,1948-02-02
David,Jackson,39,true,false,84802780,1984-05-28
Sophia,Wilson,51,false,false,86900090,1972-01-14
Ethan,Robinson,87,true,true,87345858,1936-06-04
James,Thomas,31,true,true,54866495,1992-03-09
William,Jones,77,true,false,69204340,1946-06-04
Madison,Martinez,66,false,false,43297900,1957-04-06
James,Wilson,61,true,false,91768864,1962-10-11
Addison,Martin,47,false,false,9244703,1976-04-07
William,Johnson,66,true,false,16468194,1957-08-26
Aiden,Jones,58,true,true,38963640,1965-10-10
Mia,White,71,false,false,43267880,1952-08-06
Andrew,Jackson,19,true,false,87891818,2004-07-24
Isabella,Harris,58,false,false,86811200,1965-02-16
Zoey,Thompson,37,false,true,35675622,1986-03-31
Isabella,Davis,45,false,false,31487452,1978-02-25
Zoey,Thompson,75,false,true,16226564,1948-08-15
Lily,Harris,21,false,true,46207287,2002-05-17
Anthony,Taylor,57,true,true,21361434,1966-01-20
Madison,Thompson,53,false,true,70353934,1970-08-14
Addison,Anderson,89,false,false,15725397,1934-04-06
Chloe,Miller,86,false,false,36942015,1937-10-04
Abigail,Thompson,82,false,true,10668937,1941-08-13
Anthony,Taylor,32,true,true,54907490,1991-08-26
David,Wilson,28,true,false,33724872,1995-03-15
William,Wilson,46,true,false,97875558,1976-12-06
Noah,Brown,25,true,false,31856097,1998-08-26
Zoey,Miller,50,false,true,3071423,1972-12-30
Abigail,White,44,false,true,80164778,1979-09-09
Liam,Garcia,45,true,true,80934680,1978-06-17
Michael,Thompson,19,true,false,57116067,2003-10-10
Ava,Jones,54,false,false,51489565,1969-02-26
Ava,White,69,false,true,31562191,1954-10-15
Avery,Miller,29,false,false,65635515,1994-05-17
Andrew,Taylor,85,true,false,61798490,1937-11-29
Abigail,Taylor,23,false,true,22030276,2000-08-15
Chloe,Johnson,29,false,false,70974003,1993-12-31
Matthew,Jones,88,true,false,48005592,1935-09-27
Sophia,White,73,false,false,17753956,1950-07-10
William,Wilson,25,true,false,11724709,1998-02-15
Aiden,Martin,86,true,true,45222087,1937-01-30
Natalie,Moore,42,false,false,16846834,1981-07-28
Joseph,Williams,81,true,false,57497410,1942-07-19
Liam,Taylor,47,true,true,24831444,1976-05-24
Aiden,Williams,78,true,true,51044633,1944-11-09
Michael,Taylor,19,true,true,47344378,2003-10-16
Emily,Martinez,66,false,false,5514835,1957-06-05
Elizabeth,Taylor,89,false,true,35793790,1934-10-20
Jayden,Davis,28,true,true,82194583,1995-09-15
Charlotte,Smith,67,false,false,88804261,1956-09-05
Sofia,Taylor,41,false,false,3589214,1982-05-04
Michael,Anderson,51,true,false,96315543,1971-11-24
Olivia,Martin,33,false,true,6930482,1989-10-09
Olivia,Johnson,65,false,false,54158861,1958-03-12
Chloe,Robinson,36,false,false,4185547,1987-04-05
Olivia,Thompson,20,false,false,15161862,2003-06-05
Benjamin,Martinez,78,true,false,16718081,1945-06-21
Ella,Thompson,30,false,false,45354783,1993-06-19
Chloe,Thomas,26,false,true,84694657,1996-12-01
Liam,Smith,21,true,false,46664657,2002-03-17
Sophia,Martinez,58,false,true,50571054,1965-09-17
Chloe,Miller,54,false,true,92480126,1969-05-14
Mia,Moore,26,false,true,12927598,1997-04-04
Emma,Wilson,47,false,false,50057023,1976-05-07
Avery,Harris,42,false,true,51898092,1981-04-28
Liam,Thomas,68,true,false,24435638,1955-06-13
Joshua,Robinson,28,true,true,87750884,1995-04-23
Liam,Brown,68,true,true,95384792,1954-12-08
Noah,Robinson,74,true,true,18520330,1949-01-29
Ethan,Martin,51,true,false,44841672,1972-05-30
Olivia,Williams,90,false,false,84490719,1933-09-28
Ava,Moore,72,false,true,3241634,1951-09-01
Ella,Johnson,75,false,true,81357530,1948-09-08
Daniel,Thomas,50,true,false,30005209,1973-01-10
Emily,Davis,58,false,true,15348043,1964-12-07
Noah,Martinez,23,true,true,97975973,2000-05-19
Noah,Thompson,59,true,true,39704110,1964-10-04
Abigail,Moore,84,false,true,96240001,1939-10-16
Ethan,Jackson,57,true,false,21157474,1966-08-04
Natalie,Taylor,26,false,true,87121163,1996-12-15
William,Thompson,81,true,true,84935633,1942-02-24
Chloe,Jackson,25,false,true,88703584,1998-09-28
Ella,Martin,69,false,true,26727483,1953-11-01
Noah,Martin,75,true,false,83859504,1947-11-24
Matthew,Johnson,65,true,false,83222431,1958-01-22
Chloe,Robinson,87,false,false,25585446,1936-05-31
Elijah,Robinson,54,true,false,78450549,1968-10-28
Abigail,Brown,77,false,true,8760379,1946-08-30
Daniel,Moore,59,true,false,92533887,1964-02-13
Elijah,Williams,43,true,false,42756841,1980-05-20
Emily,Jackson,23,false,false,86148645,1999-12-08
Noah,Brown,48,true,false,79455642,1975-04-08
Addison,Moore,30,false,false,15978807,1993-05-09
Jayden,Martin,82,true,false,59857108,1941-09-21
Liam,Smith,62,true,true,59963522,1961-02-04
Lily,Williams,74,false,true,75108518,1949-05-12
Daniel,Johnson,50,true,true,13223980,1973-01-14
James,Brown,30,true,true,77366037,1993-08-02
Joseph,Wilson,46,true,true,61448585,1976-10-22
Sophia,Smith,23,false,false,31206980,2000-01-06
Mason,Garcia,72,true,false,18422184,1951-09-20
Addison,Jackson,38,false,false,27348676,1984-11-24
Ethan,Harris,73,true,false,98482245,1949-11-01
Elizabeth,Davis,28,false,false,68361230,1995-07-23
Mia,Davis,64,false,false,48334133,1959-04-18
Zoey,Thompson,55,false,true,72167735,1967-11-09
Alexander,Anderson,32,true,false,28170421,1990-11-16
Emily,White,57,false,true,55479827,1966-04-17
Elizabeth,Martinez,65,false,true,32616094,1957-11-07
Aiden,Wilson,69,true,false,65055255,1954-06-13
William,Harris,82,true,true,94741346,1940-11-05
Jacob,Thomas,42,true,false,27649614,1981-03-13
Zoey,Harris,78,false,true,46509241,1944-12-14
Olivia,Jackson,66,false,true,77206580,1957-05-22
Benjamin,Wilson,74,true,true,89371912,1949-09-24
Matthew,Miller,31,true,false,84280362,1992-05-02
William,Robinson,47,true,true,39847345,1976-06-09
Avery,White,55,false,false,28741490,1968-02-24
David,Garcia,36,true,false,15428700,1986-12-16
Daniel,Martinez,62,true,false,40920219,1961-03-24
Olivia,Johnson,30,false,true,87947906,1992-11-28
Zoey,Smith,84,false,false,47737065,1939-08-13
Elizabeth,Johnson,57,false,false,91064072,1966-01-03
Emma,Garcia,89,false,false,36895853,1934-07-29
Liam,Anderson,39,true,true,13018387,1984-05-30
Jacob,Martinez,28,true,false,44893565,1995-04-30
Michael,Jackson,65,true,false,81118407,1958-04-22
Jayden,Martinez,66,true,false,6134567,1957-09-20
Alexander,Jones,39,true,true,45463545,1984-07-20
Emily,Johnson,77,false,true,8524367,1946-04-03
Abigail,Harris,46,false,true,56415597,1977-07-19
Anthony,Johnson,85,true,true,80912287,1938-08-25
Emily,Davis,62,false,true,67774702,1961-01-11
Avery,Garcia,48,false,true,74012006,1975-09-09
William,Miller,23,true,false,76183059,2000-05-19
Olivia,Williams,70,false,true,48208772,1953-05-19
Addison,Garcia,22,false,true,27921304,2000-11-08
Andrew,Martinez,26,true,false,94828854,1996-11-11
Olivia,Jackson,70,false,false,96165593,1952-12-24
Elijah,Brown,22,true,true,57763544,2001-06-24
Emma,Martinez,53,false,false,84451097,1970-04-03
Olivia,Brown,43,false,true,7264571,1980-02-20
Benjamin,Thomas,34,true,true,37984972,1989-09-03
James,Davis,82,true,false,33623105,1941-09-21
Ava,Harris,24,false,false,88152429,1999-06-28
Elizabeth,Miller,74,false,false,39562013,1949-08-19
Liam,Taylor,56,true,false,53079284,1966-10-27
Jacob,Garcia,25,true,false,21592239,1998-04-02
Benjamin,Johnson,51,true,true,31146545,1971-10-30
Jayden,Davis,30,true,true,10707183,1993-01-22
Ava,Johnson,37,false,true,48987248,1986-03-11
Avery,Thompson,75,false,false,23403489,1948-01-11
Andrew,Martinez,26,true,false,3076216,1997-08-31
Michael,Harris,36,true,false,18500906,1986-12-22
Aubrey,Williams,55,false,true,88479568,1968-02-28
Zoey,Martinez,35,false,false,59238160,1988-09-22
Madison,Robinson,79,false,false,24788990,1944-04-17
Sofia,Wilson,67,false,true,46094771,1955-10-18
Sofia,Wilson,55,false,false,13077902,1968-07-05
Ella,Martinez,23,false,false,56226309,2000-05-04
Alexander,Wilson,42,true,false,11199817,1981-02-23
Mia,Anderson,78,false,false,30783822,1945-07-07
Elijah,Moore,44,true,true,61547784,1979-03-09
Natalie,Martinez,33,false,true,67951783,1990-10-01
Mason,Davis,47,true,true,7898258,1976-06-23
Charlotte,Thomas,32,false,true,4477302,1991-02-24
Aiden,Martin,22,true,true,25281756,2001-04-19
Aubrey,Thompson,71,false,true,28969396,1952-06-10
Andrew,Johnson,52,true,false,66226721,1971-05-22
Zoey,Davis,42,false,false,91693720,1981-02-16
Joshua,Martin,25,true,true,97593050,1998-08-28
Mia,Thompson,20,false,false,22734341,2003-09-24
Daniel,Thompson,41,true,false,78298717,1982-06-06
Ava,Jackson,61,false,true,16664057,1962-04-19
Emily,Martinez,84,false,true,82761938,1939-05-12
Abigail,Martinez,33,false,true,58925429,1990-08-09
Sophia,Smith,54,false,false,44115876,1968-10-23
Mia,Wilson,22,false,true,93714984,2001-03-03
Zoey,Anderson,56,false,false,10301314,1966-12-01
Ava,Moore,30,false,false,72225319,1993-08-19
Andrew,Miller,61,true,false,43270758,1962-02-22
Addison,Brown,78,false,false,4736983,1945-08-27
Olivia,Brown,29,false,false,66073746,1993-10-11
Mia,Thompson,31,false,true,40454459,1992-07-02
William,Robinson,21,true,false,81686417,2002-10-04
Anthony,Jackson,83,true,true,63299968,1940-06-08
Avery,Wilson,84,false,true,17140814,1939-02-08
Natalie,Anderson,75,false,false,22784159,1948-05-24
Abigail,Smith,32,false,false,85277452,1991-04-01
Madison,Thompson,32,false,true,55150443,1991-04-20
Charlotte,Taylor,68,false,false,9791023,1954-10-24
Natalie,Harris,85,false,false,18991039,1938-05-19
Abigail,Williams,72,false,true,9341145,1951-01-16
Jacob,Robinson,83,true,false,30667998,1940-07-22
Matthew,Jones,41,true,false,23859975,1982-05-20
Isabella,Martin,76,false,true,18664952,1946-12-05
Noah,Anderson,19,true,false,29637164,2004-09-18
Joseph,Smith,41,true,false,80157876,1981-12-16
Zoey,Johnson,18,false,true,67558254,2004-10-30
Lily,Johnson,23,false,false,60288471,2000-05-18
Zoey,Harris,63,false,false,11333087,1960-10-02
Joshua,Garcia,75,true,false,11430269,1948-07-31
Matthew,Miller,81,true,true,29055473,1942-09-06
Aiden,Anderson,22,true,false,80727377,2001-02-04
Liam,Brown,81,true,true,56835785,1942-06-17
Mia,Moore,61,false,false,36408864,1961-11-28
Lily,Jackson,45,false,true,15844578,1977-12-27
Ava,White,36,false,false,7111491,1987-04-09
Aubrey,Garcia,82,false,false,60132727,1941-09-11
Ella,Garcia,30,false,true,12774546,1993-09-02
Mason,Moore,76,true,true,43143646,1946-10-19
Jacob,Johnson,36,true,true,87364547,1987-01-20
Emma,Brown,70,false,true,12438659,1953-03-16
William,Thomas,63,true,true,55142754,1960-02-09
Isabella,Williams,76,false,false,62176430,1947-07-31
Madison,Moore,50,false,true,34777602,1972-11-23
Elizabeth,Moore,84,false,true,34062517,1939-04-11
Jacob,Jones,24,true,false,71588280,1999-04-05
Ethan,Thomas,59,true,true,63129853,1964-07-01
Joseph,Jones,53,true,false,94699112,1970-09-26
Alexander,Martin,54,true,false,32469683,1969-01-04
